author_name,build_commit_sha,build_state,commit_time,owner,repo_name
Sam Verschueren,e66910e334be3510a66b67ef0b0bcdb683762660,passed,2015-03-28T18:33:08Z,SamVerschueren,gulp-api-doc
Sam Verschueren,7642e7a19e36ebda4ca208b302cd64418ab38844,passed,2017-04-06T15:00:06Z,SamVerschueren,gulp-api-doc
NullVoxPopuli,95d3504cecef3f7cf7602c959e8d89da9ad7c80d,errored,2015-05-03T00:57:54Z,NullVoxPopuli,aeonvera
NullVoxPopuli,52fb53455556f3a0c9eb20eaf8f7705ab27a9767,passed,2017-07-06T01:32:11Z,NullVoxPopuli,aeonvera
L. Preston Sego III,4a12d63cd9b33b9caa746adb6ff9e27716cd842d,passed,2015-05-04T14:35:18Z,NullVoxPopuli,aeonvera
L. Preston Sego III,6e3cfd750b18eb5e28614de839d09e03a1d9fc0c,passed,2017-06-24T23:41:38Z,NullVoxPopuli,aeonvera
balr0g,f4e05b9e696532abf8f466db9f8acd7f7a9ac6e5,passed,2015-07-29T21:39:15Z,balr0g,mame
balr0g,9053c574d66541b96ee0a4f2f29f435655966541,failed,2016-05-27T18:01:19Z,balr0g,mame
Frans de Jonge,6cf98f8b7e11eeaf9b7bfb84048cfc1785ad9eea,failed,2017-08-23T20:31:42Z,FreshRSS,FreshRSS
Frans de Jonge,79faf3dd142325f5460d6dc8a3d278b14953cf32,canceled,2018-12-01T07:00:35Z,FreshRSS,FreshRSS
Alexandre Alapetite,a41b7d8b70e733e85235983f84898587b5cd749f,failed,2017-08-24T16:14:15Z,FreshRSS,FreshRSS
Alexandre Alapetite,a2779af6267df9b0d18de4d75e93602c8213c096,passed,2018-12-01T17:53:31Z,FreshRSS,FreshRSS
Alexis Degrugillier,1ccbccdd3e9a6f3225dd3466112d92b5c6fa0693,passed,2017-09-27T06:07:51Z,FreshRSS,FreshRSS
Alexis Degrugillier,f3893d482a372944762f8e9572c47ed0dd761b1b,failed,2018-08-28T09:50:45Z,FreshRSS,FreshRSS
Marien Fressinaud,3cf0bcbdeb7ddbb0d7dc4d0d5495a9a6f02fc1dc,failed,2017-09-28T17:20:31Z,FreshRSS,FreshRSS
Marien Fressinaud,767ac77ee26316b183955c8bfd132df8ff11dfe1,passed,2018-06-18T20:56:58Z,FreshRSS,FreshRSS
David souza,ac3c24dd83cd60bea50008ecf990900433c729ca,passed,2017-09-30T07:26:09Z,FreshRSS,FreshRSS
David souza,7e9a29b71936c701474c9fe79cb3f2cc4aafda4f,passed,2018-05-20T10:27:17Z,FreshRSS,FreshRSS
hoilc,8c14d9e4ec9e09fad5cc943856ab73713110a19b,passed,2017-10-26T05:30:29Z,FreshRSS,FreshRSS
hoilc,bcb3de3dba15b4fa916292ac74560eb5b0ce5eb2,passed,2018-06-04T03:15:20Z,FreshRSS,FreshRSS
Jan,7d3f634ac46051bc7e53e4fa8ab42576a400dcd7,passed,2017-12-19T07:36:59Z,FreshRSS,FreshRSS
Jan,3ae1b57c9d2e23157be54e8fe9865b85872ff9e7,passed,2018-09-28T09:53:00Z,FreshRSS,FreshRSS
Matt DeMoss,d7740f2be4b014702fe10fdb0c486da99293f3c4,failed,2018-01-11T04:42:53Z,FreshRSS,FreshRSS
Matt DeMoss,f3a88614ef4a2541ee29054124d62c0cdc78f485,passed,2018-11-18T13:08:27Z,FreshRSS,FreshRSS
Seokseong Jeon,55978cbf0881b01ca57a33bab28077f12fdbb868,failed,2018-01-30T14:12:57Z,FreshRSS,FreshRSS
Seokseong Jeon,69928aa7943b0be3f3bcf63afd66787486557c56,failed,2018-08-23T17:09:15Z,FreshRSS,FreshRSS
romibi,a766e41a677bc1822f47950c58ae76dc891b89ca,passed,2018-03-08T12:38:48Z,FreshRSS,FreshRSS
romibi,adcbfc43b866ad2654be3f96e90c650cae224141,passed,2018-11-13T21:29:03Z,FreshRSS,FreshRSS
Brian Jacobel,5a8b42d3b5f3c0fbff25a459a4145f468257a8af,errored,2014-04-07T05:04:32Z,BowdoinOrient,bongo
Brian Jacobel,0fc3045467cb335eeed069a4904f373268e8f688,passed,2014-11-10T00:09:07Z,BowdoinOrient,bongo
Alex Finnarn,656871d3bf7e77d8dc705da6cba6fadcbb1657c6,errored,2016-02-11T00:16:34Z,CuBoulder,express
Alex Finnarn,0f3da63301a5a8181dea5acd679c87ce5b468f6e,errored,2017-12-06T22:48:23Z,CuBoulder,express
James W Fuller,fbe2a1c83e0543fb64d7a03198782b06026c895f,errored,2016-02-25T18:38:45Z,CuBoulder,express
James W Fuller,aa244038c19db28207d949103c3ee60db8ecc344,passed,2017-11-03T18:11:47Z,CuBoulder,express
kevincrafts,b3dfc45cbdbbdc86b1d7266bb906d24a401f827b,errored,2016-02-25T20:56:30Z,CuBoulder,express
kevincrafts,e0694fd564c45d3a6e164624c005c2b0cb927fcd,failed,2017-12-06T17:23:48Z,CuBoulder,express
Kevin Reynen,ec24494e319d5b7b813cecf40ace60e7b3957190,errored,2016-03-01T22:52:21Z,CuBoulder,express
Kevin Reynen,959b5149264b241c12d72328f88c273a4ed819e8,failed,2017-12-01T16:47:13Z,CuBoulder,express
James Fuller,dd0a87ec49d08238e723989faafc1c9c1f9c7148,errored,2016-03-08T15:11:47Z,CuBoulder,express
James Fuller,0aebf484bcb9318c9c24f7a95b80730eed40f211,passed,2017-07-24T15:04:52Z,CuBoulder,express
kreynen,008f45e2ee7be611d71662921b3e8a2120b9eccf,errored,2016-03-24T19:21:57Z,CuBoulder,express
kreynen,0058d37d045c71f1e2d1181fbc0cad0a915bf8b4,failed,2017-12-01T18:51:56Z,CuBoulder,express
Owen Morrill,43fc1cf1c6f7f2b83b7010b7703ca4edde80142d,failed,2016-11-08T22:45:13Z,CuBoulder,express
Owen Morrill,3ecaf20a1192aa278d1be68ca3a143921736d1fb,passed,2017-10-26T20:28:08Z,CuBoulder,express
ChrisBAshton,8deccd34dee0dbbabcf7f5e7edec18ee1b444caa,passed,2015-05-21T15:36:44Z,BBCVisualJournalism,grunt-deploy-to-env
ChrisBAshton,b635b591951d5b66922c18b1b216551fc106aeac,passed,2016-01-18T15:41:15Z,BBCVisualJournalism,grunt-deploy-to-env
Jannik Lorenz,d7fcb3b39692bf22ea1a82762eb7ca7867b5173f,canceled,2017-08-02T17:27:34Z,DigitalShooting,DSC
Jannik Lorenz,690a029cab7ea0c3ff299679767b6275caa7c303,errored,2018-05-21T17:18:32Z,DigitalShooting,DSC
Itay Adler,b5c13069f53bca1ce7e66e6903d0eee2dbfbfb0c,failed,2014-01-16T10:08:27Z,BlueHotDog,sails-migrations
Itay Adler,f5e4c259ba441313901fd924e9795b2065bddab2,passed,2014-11-15T21:25:27Z,BlueHotDog,sails-migrations
Danni Friedland,89d81c65ecbc820780776823a10a63aa20fff7b8,passed,2014-01-16T12:18:43Z,BlueHotDog,sails-migrations
Danni Friedland,404728cf7cafb0057c93a5c9075baa62669d9828,passed,2015-10-29T17:57:32Z,BlueHotDog,sails-migrations
BlueHotDog,cfe2dbd4d2016d6d180cc638c90961de02d33b4e,failed,2014-01-17T13:01:10Z,BlueHotDog,sails-migrations
BlueHotDog,4787f13eaa67fccc8492cec40e84dc059eaa88f5,failed,2015-02-01T18:52:50Z,BlueHotDog,sails-migrations
dpaun,fb451f7f34c3e899d5f0e1001723d2e0bbb13ddb,passed,2016-05-31T11:56:15Z,slidewiki,activities-service
dpaun,2bd86fbd94f5792432048a749c26b44243f1c2ad,passed,2016-12-16T10:21:19Z,slidewiki,activities-service
Chris Alvares,071c581fbe950c47eba6772675e9dc3e879b8238,failed,2015-04-29T06:44:16Z,AgencyPMG,node-mediamath
Chris Alvares,71f73eac21b0ee60e514a41d9544ab4d1911b6ad,passed,2016-02-29T23:35:21Z,AgencyPMG,node-mediamath
Tim Becker,dd53d61db89545e8e320685bb71ca3dbfe0cac9d,passed,2012-08-23T08:03:44Z,a2800276,bncode
Tim Becker,a1ba9dd51e36fea8857de9d2a14bc0aac47b0ad0,passed,2014-01-19T23:23:36Z,a2800276,bncode
a2800276,67d0ba8b8cc1116e41fc87d9a7b1f3b3a81cc525,passed,2013-07-22T07:07:48Z,a2800276,bncode
a2800276,bbff563f79df16e5797635376f66842287ee7f35,passed,2014-01-19T17:38:35Z,a2800276,bncode
Jerko Steiner,9efe7474a25c97a9339c2697b85ce677f3f826c1,passed,2016-04-01T00:00:51Z,jeremija,peer-calls
Jerko Steiner,5adc8919e548c0ded44a298b3bccda6e309e18ae,passed,2017-06-18T13:42:41Z,jeremija,peer-calls
Sam Owre,e1e1bd88dc03a776da4c5f7085b567742902e9f2,passed,2014-07-03T23:10:37Z,SRI-CSL,PVS
Sam Owre,842f6b489d133bd1828ec28d242f8ec2920e76eb,errored,2018-11-29T06:37:00Z,SRI-CSL,PVS
Matthew Dawson,574bf2fce8b00bea90529322a69b5fbe43f2fbc2,passed,2014-07-12T07:48:37Z,SRI-CSL,PVS
Matthew Dawson,a61b988d2262bb22de99989a8fce75df36691aaa,passed,2015-04-25T01:50:57Z,SRI-CSL,PVS
Patrick Oladimeji,72f2bd65af21e57ffec0f699acdd85ccb4254f8b,errored,2014-07-29T14:58:47Z,SRI-CSL,PVS
Patrick Oladimeji,2fbb97bbab309bd12c08d55e4db7c51fa79a3403,errored,2015-08-17T02:11:01Z,SRI-CSL,PVS
Ian A. Mason,445a7417defa13e367d1dd8e15e9a97322795998,passed,2015-04-10T14:43:48Z,SRI-CSL,PVS
Ian A. Mason,0eeabdc527e9c93fd64ce7fa98875003dcc42236,errored,2017-10-20T21:28:47Z,SRI-CSL,PVS
Paolo Masci,efe548dce5f5eea6cbd744ca3376987df9253eeb,errored,2015-08-18T03:15:16Z,SRI-CSL,PVS
Paolo Masci,5a7c0833ff60b6c21c57ae9f69a8f2d4e4f3a03f,errored,2016-04-29T11:16:37Z,SRI-CSL,PVS
Shankar,5fe8c90e31cce5dffdf7076ea8bb4e219fea6e94,errored,2015-11-26T02:12:54Z,SRI-CSL,PVS
Shankar,17a4434798868f7136d18b534b831b15319b2c8a,errored,2018-03-20T07:16:32Z,SRI-CSL,PVS
Bruno Dutertre,4556a21295174a48c119cebb375f1336823abf1d,errored,2015-12-03T22:19:40Z,SRI-CSL,PVS
Bruno Dutertre,584be3ed99f5d2ab74c0d33956a73a715e3c8b15,errored,2017-11-03T01:25:36Z,SRI-CSL,PVS
Ian A Mason,6ab40ababdd2042a2ce7ef45cf55589e5c40c5f2,errored,2017-10-20T21:31:28Z,SRI-CSL,PVS
Ian A Mason,978fb5dc07242f22d841ce965ab4493e73cb169b,errored,2018-10-26T23:54:35Z,SRI-CSL,PVS
Andreas Madsen,b680a42a8348e727dcca39429362af04b6dd2cef,passed,2014-01-03T18:41:50Z,AndreasMadsen,clarify
Andreas Madsen,c93da35971f6db8248771526320e50e480f7f45c,passed,2017-12-27T17:36:00Z,AndreasMadsen,clarify
Markus Felten,d4d6da2dcea4aece6c16d9d52d3d83a5cb4e13ad,passed,2016-02-06T19:58:46Z,Kronos-Integration,kronos-service-registry
Markus Felten,cdcd9e52dd326cd1e98ace619dda5bb8d400070f,passed,2018-11-24T20:52:45Z,Kronos-Integration,kronos-service-registry
greenkeeperio-bot,d475d9b0bd8ced4a908040fbcf48379099f2b41b,passed,2016-05-23T11:21:43Z,Kronos-Integration,kronos-service-registry
greenkeeperio-bot,469decd813f6bfd00a2ad1d05154a76abf698aa9,passed,2017-02-21T16:11:14Z,Kronos-Integration,kronos-service-registry
greenkeeper[bot],15e1b03e266c9cc41b7f126cdb339106253d45e3,passed,2017-05-05T20:03:56Z,Kronos-Integration,kronos-service-registry
greenkeeper[bot],140624d272e0b2d30d4daadf67b2c830f2dff137,passed,2018-11-21T18:10:42Z,Kronos-Integration,kronos-service-registry
Boris Yankov,98bc2a21a50be08aedd68e915f2822dbfa778b01,errored,2014-07-10T22:32:11Z,borisyankov,binary-static
Boris Yankov,f1271684526a28810da296728f99ea8a5b8374f2,failed,2015-07-14T21:16:29Z,borisyankov,binary-static
Eric Steinborn,0a9b8cbfac0f400dace9a6d9a83fc82cff58da07,passed,2013-09-16T20:13:43Z,esteinborn,jquery-listnav
Eric Steinborn,b490cf481bc819029fc95b8f5e067f79d54c9a04,errored,2014-11-03T17:13:42Z,esteinborn,jquery-listnav
Kael,5a9624d6b263a968f3b36a908922d345e4a22a72,passed,2015-12-01T11:14:44Z,neuron-js,neuron-build
Kael,cbdfc82b0f7a38d505909fa2d76c7c73ded5fb24,errored,2016-07-23T09:27:42Z,neuron-js,neuron-build
Russell Toris,ee48407302e0c19b3782b339d98e48e8d8fb22f6,failed,2013-04-04T01:51:46Z,RobotWebTools,ros3djs
Russell Toris,26758cbc215317b83564a94535d6a31102ddf68d,passed,2014-01-27T15:53:07Z,RobotWebTools,ros3djs
Tech Luminaire,8cad0a762ecf199be31b95c36b1c085dcd878d36,errored,2017-12-17T14:45:15Z,JustinWingChungHui,dcweb
Tech Luminaire,b9be905bc4513bd31c9d6271c2232b7489c2e226,passed,2018-06-17T15:08:28Z,JustinWingChungHui,dcweb
Christian Johansen,385a37580f0766c868edcb4057060c0d5c483fa4,passed,2012-05-27T18:27:03Z,busterjs,fs-watch-tree
Christian Johansen,ccd6065dc68c7a253221d384c1509e00937f25df,errored,2013-04-15T10:21:28Z,busterjs,fs-watch-tree
Jico Baligod,0570fbeae23663bdf9c0c1ce4a4e690db1d43422,passed,2013-06-15T18:14:46Z,crowdtap,parachute
Jico Baligod,820288627946c27dfa2f338440cdfa0811ca372b,passed,2014-09-09T20:10:52Z,crowdtap,parachute
Mariusz Nowak,ace23835d17b7a92df5be8176c88eb8df4f42f44,passed,2012-01-22T19:25:09Z,medikoo,modules-webmake
Mariusz Nowak,ae4b43c5ad1f231ac66909313ab76d10df829ff1,errored,2015-02-17T11:03:15Z,medikoo,modules-webmake
rogeriopvl,c36c4c555d178f5a2adb2a02a4753c69b17c639e,passed,2013-09-28T22:36:27Z,rogeriopvl,nodo
rogeriopvl,1c16bf3fc10e3facbaaeb16a43016953a81149e0,passed,2015-10-11T00:36:47Z,rogeriopvl,nodo
Yasuko Ohba,7fb5822b477564af70be6ad85c3146beccd871d0,failed,2012-12-03T10:29:12Z,everyleaf,kozuchi
Yasuko Ohba,fd76af1f88368a0923422ee280212b73140f0333,passed,2013-06-29T23:34:17Z,everyleaf,kozuchi
nay3,6a0248bd96e93ff5b34be531c38eaa92cfd91171,failed,2012-12-03T17:09:57Z,everyleaf,kozuchi
nay3,d40435643bf03e1b19aef1ef3dddbb6d499e6496,failed,2013-07-16T09:03:12Z,everyleaf,kozuchi
crewstyle,35e60aba5329c320c32966bea9ad84378df7f49f,failed,2015-08-19T22:29:49Z,crewstyle,yohoho.tabloyd
crewstyle,810b23ced7e462df14b9bd6b0ed33e34aa8614ec,passed,2016-04-05T14:36:36Z,crewstyle,yohoho.tabloyd
Leonid Mamchenkov,a8f2a97dbdb1b3980a327170a00851c3b162a67e,failed,2015-07-03T07:40:22Z,QoboLtd,project-template-cakephp
Leonid Mamchenkov,979ce8886a297c632e4e212d60f3447ac7e558a4,passed,2016-04-07T13:31:47Z,QoboLtd,project-template-cakephp
Antonis Flangofas,f777fbb2883ef8d3fccb0212ea9f2699c8dbb3d7,failed,2015-08-11T13:33:14Z,QoboLtd,project-template-cakephp
Antonis Flangofas,db193266af523a72b3fec4939eba251a0595c107,errored,2016-04-08T08:39:44Z,QoboLtd,project-template-cakephp
Markus,87c6c80c67014ab640e34678d31a11b5f8e007c4,failed,2017-07-20T16:18:35Z,Links2004,arduinoWebSockets
Markus,0e6e1c76ee6e4aa1d88d0845c230e5665ac6fd6c,failed,2018-02-06T19:24:40Z,Links2004,arduinoWebSockets
Links,64c8908b058c88a34744077b1e34e05e7db0d1d3,failed,2017-07-20T16:26:04Z,Links2004,arduinoWebSockets
Links,46cff38287eda8594e20c5d03cb4b9d741840ca4,failed,2018-02-06T20:12:39Z,Links2004,arduinoWebSockets
Enrico Lucia,0355bd1d63ccab5a62b607d7447c273519fac33a,passed,2015-02-16T22:08:10Z,enricolucia,pong
Enrico Lucia,9a6bf3a8c0db8f0d4edef58e98269a359e27391f,passed,2015-11-12T02:01:36Z,enricolucia,pong
Robert Kowalski,57923f457bb1e95f76d279b321415384676c7159,passed,2014-07-27T10:19:37Z,apache,couchdb-fauxton
Robert Kowalski,3f46050d37d2c429dc0bd6e9c13476214e82ab5a,passed,2016-04-21T17:38:38Z,apache,couchdb-fauxton
Garren Smith,5d473250916f3366843c047c97a36cfd14a1fb42,passed,2014-07-28T13:53:51Z,apache,couchdb-fauxton
Garren Smith,978ae690f1bf83770d09e6dc8ef25b490c155eb5,passed,2016-04-18T06:39:10Z,apache,couchdb-fauxton
garren smith,59c5cb10651b6cd4faec731d5820b409e5530197,passed,2014-08-25T08:45:08Z,apache,couchdb-fauxton
garren smith,c386a9311e6e3f61ae7cc0c147ec681f5b2a3ef5,failed,2016-03-01T19:19:15Z,apache,couchdb-fauxton
Alexander Shorin,e24a590ef96563942ddd4b7ae5aca0ada8267f00,passed,2014-08-25T09:39:49Z,apache,couchdb-fauxton
Alexander Shorin,205a92a751c601cb636d0ac9bd43c9cd68d14887,passed,2016-02-29T15:57:17Z,apache,couchdb-fauxton
sebastianrothbucher,c33249069cbb0de0fa19f7c4875921d6a0372e77,passed,2014-09-07T19:18:23Z,apache,couchdb-fauxton
sebastianrothbucher,437219f90150c2980f5fa342de54e94ec4b174aa,passed,2015-10-24T18:51:33Z,apache,couchdb-fauxton
Benjamin Keen,cbd0ec7e8b13fa9c92c216792a74eb2860764e67,passed,2014-09-18T02:10:32Z,apache,couchdb-fauxton
Benjamin Keen,253c37475b11669438e47c371047c88ff3c111a9,failed,2015-05-07T18:53:28Z,apache,couchdb-fauxton
Nick Colley,fc725faaa6d4bbfabdd6fb305e1061fbb2282537,passed,2014-09-22T00:07:56Z,apache,couchdb-fauxton
Nick Colley,79ab3b68c73d46dc9a07d06b99829064aa93dc3b,errored,2015-08-25T09:47:39Z,apache,couchdb-fauxton
Michelle Phung,bbc69132c21a092d0ac99565d68bf79e1bf75cad,failed,2014-10-31T22:13:43Z,apache,couchdb-fauxton
Michelle Phung,096c6fd6ce7eb105caca51b4dcfc0854e8b05026,passed,2015-12-03T20:31:54Z,apache,couchdb-fauxton
michellephung@gmail.com,57c192a8b2330df9417a4c495dc1e2e2cec8a248,failed,2014-12-12T06:23:48Z,apache,couchdb-fauxton
michellephung@gmail.com,78c632564ac62fd9296dc14ae95e380dcf79d699,passed,2015-07-24T21:24:20Z,apache,couchdb-fauxton
Ben Keen,fed01a9d1b04be937b61d4711a6416b108e1dc8e,passed,2015-01-19T18:06:10Z,apache,couchdb-fauxton
Ben Keen,3bf3b753da380326d18368158b252b1a5b744181,passed,2016-04-25T16:08:41Z,apache,couchdb-fauxton
michellephung,f0c8c18e5f7d9d9b87523e24354eda3d644bece5,errored,2015-09-19T03:44:02Z,apache,couchdb-fauxton
michellephung,c4e670b336d42dad8004771aa87e3ca107dd3640,passed,2016-05-02T00:30:34Z,apache,couchdb-fauxton
Daijiro Wachi,b315e4f1b8f9578544ebb209db47e7af2a8d372f,errored,2015-03-02T01:10:06Z,watilde,npmbrew
Daijiro Wachi,8c240d64bdc6258e9d1fd8800127584a6b3aa2ac,passed,2016-05-26T16:17:30Z,watilde,npmbrew
greenkeeperio-bot,c5af76f597e5d251638083bb85d89a740f705196,passed,2015-09-29T16:01:36Z,bjrmatos,toner-jade
greenkeeperio-bot,092231be13134875173f65d3b30142f697309688,passed,2016-11-14T19:36:16Z,bjrmatos,toner-jade
Mark,837749a121bc49792720c576737fe7001a81d211,failed,2016-05-07T13:19:31Z,bhalash,wordscramble
Mark,6d9c6a17b70ff92022eb1e1370847f4ebeddf6f3,failed,2016-12-24T16:32:34Z,bhalash,wordscramble
Stefan Bauer,fe95d391b1b0fe22e9c5184e2a1a7e985dce9f12,failed,2017-11-24T23:27:48Z,StfBauer,spfx-uifabric-themes
Stefan Bauer,c155e4d061522da8549e8791f54ad3129b81bb1c,passed,2018-08-29T20:28:52Z,StfBauer,spfx-uifabric-themes
Cameron Dutro,a3071e17aa1b0ad3e5a85e9e77a838988b7ea7d3,failed,2017-07-14T16:37:45Z,camertron,turbo-sprockets-rails4
Cameron Dutro,abae787968a1b749d63e8d8a46c4e8bee525173c,passed,2018-11-12T22:21:25Z,camertron,turbo-sprockets-rails4
Mike Lambert,75d2d44cf27d409c62ad772c1371730909b28f72,failed,2016-07-26T18:56:44Z,nds-org,ndslabs
Mike Lambert,4132f90d221960aeeaa97fcf87b759011be41f66,passed,2018-09-11T19:37:57Z,nds-org,ndslabs
Adrian Shum,45e37ada21691ef928ba214f01cc615acb508ebd,passed,2015-08-17T06:04:29Z,cshum,sublevelup
Adrian Shum,5cefb0182f830ba53e96a7137345eea8fcc09439,passed,2016-07-10T10:41:29Z,cshum,sublevelup
Rowan Manning,1ca4a4556ed04f172deffb49dce35c97ed359097,passed,2015-05-08T19:16:59Z,rowanmanning,resave
Rowan Manning,c60503b8b77c01c39b030a7222ac37f744162deb,passed,2016-01-09T12:10:07Z,rowanmanning,resave
Andrii Shyshkalov,a892dd61084dcb770463b2f85b009788257f4a4e,passed,2015-04-13T14:39:25Z,luci,luci-go
Andrii Shyshkalov,1b4a72dead775756e80964eb25ad5bf8590da896,errored,2017-11-10T22:01:17Z,luci,luci-go
Vadim Shtayura,15984f36e8e3a78d9893369993ea3b999e919d26,errored,2015-05-22T23:10:01Z,luci,luci-go
Vadim Shtayura,948d792b824bc1d8aa9c06f240fc8b9baa6df463,errored,2017-12-01T20:07:09Z,luci,luci-go
Robert Iannucci,cb0fa575526ca58047408e4b0854b7ae50e151e5,failed,2015-06-01T00:24:18Z,luci,luci-go
Robert Iannucci,c23d50badfcb9d30453499b6879d9d614112c948,errored,2017-12-01T22:35:19Z,luci,luci-go
Dan Jacques,9f2eb6b57260861cd51b1cc128b12ca344ff1130,passed,2015-06-09T22:54:31Z,luci,luci-go
Dan Jacques,95625ca11db6b5ad97bb5e2191b81b2be6bdbae5,errored,2017-11-18T13:42:45Z,luci,luci-go
Nodir Turakulov,c3cd1a843eba9fee635710c4dfeb26deb5ae27be,passed,2015-08-17T19:06:00Z,luci,luci-go
Nodir Turakulov,6bbf43c231fc285858725d869e94c1e318c470fd,errored,2017-12-04T20:08:21Z,luci,luci-go
tandrii,26ac5957e042b29be34b5a944202eae0d42f630e,passed,2015-08-18T21:47:38Z,luci,luci-go
tandrii,e6bcce50498957460ff986940e721f85b6e5eb57,errored,2017-08-08T21:29:59Z,luci,luci-go
iannucci,e002f6a3d0d512daca7db08849eda7093493f2ef,passed,2015-08-29T00:27:40Z,luci,luci-go
iannucci,678bb0eefa62cbad33363d38ef4ccc8567c38a4e,errored,2017-08-08T21:56:19Z,luci,luci-go
nodir,51ea47eddf0ca3349c42c2f33c266053fe5ca44e,passed,2015-09-10T22:46:26Z,luci,luci-go
nodir,2f1325e5866c54ba3f1a9684cd59cba0ed5c5167,errored,2017-05-30T23:07:33Z,luci,luci-go
dnj,137e5ac5e16e3fb926756d8bfb01e425f7e51225,passed,2015-09-14T18:26:34Z,luci,luci-go
dnj,18ae6bdbc6652e10610d55e4528d4bb3c624f813,errored,2017-08-03T21:14:18Z,luci,luci-go
vadimsh,a2ca8c5cfa197da10dc346b45c235b6d82505e10,passed,2015-09-14T20:39:26Z,luci,luci-go
vadimsh,d009bb905fb8f3f9d23f477c91039b055c0cf857,errored,2017-08-07T22:59:23Z,luci,luci-go
martiniss,b4e46812544e0e20bb892e3196e989eabadefc17,passed,2015-09-22T23:41:59Z,luci,luci-go
martiniss,09bd02143971653cf8fdb5bc20d0d21732d64f11,passed,2016-05-06T19:19:34Z,luci,luci-go
maruel,a1e7c0e17ad01aae95a06f71c03e0f37e79b1340,errored,2015-09-23T13:15:10Z,luci,luci-go
maruel,5bcb832201b47cfcf1b4f040e0abf6b99dcaafd9,failed,2016-11-17T14:32:13Z,luci,luci-go
estaab,4cebf560a50a699b9054296455e8ba934ef0b40c,failed,2015-11-19T20:18:19Z,luci,luci-go
estaab,2d01731412e1a85045eb896ea122b26217439798,errored,2017-07-12T19:41:59Z,luci,luci-go
dsansome,34c7a9058f76ccd729418e0deb5b91ba7b5134f0,failed,2015-11-30T05:06:51Z,luci,luci-go
dsansome,f63e083322ae76eca2fe7ef3359dba58742045e4,errored,2017-06-13T00:20:56Z,luci,luci-go
hinoka,cbac57914af60a5c503dabfbeb2e2b01f574225a,failed,2015-11-30T23:53:30Z,luci,luci-go
hinoka,a2c4aedab81206b6d01b85dae474f93ce9ed804c,errored,2017-08-03T19:03:03Z,luci,luci-go
sergeyberezin,1e906d281e65167a70af8f924f98b70769aee695,passed,2016-04-26T17:20:50Z,luci,luci-go
sergeyberezin,d8d5ab379b3261bca1278219661d7ed5f5501ca2,errored,2017-03-08T19:05:07Z,luci,luci-go
borenet,b739988e74e12a7abbd6a1db13e7a09f50b62424,passed,2016-05-20T19:34:12Z,luci,luci-go
borenet,73e93dd10da67a823691eb2eef5d47466d9ec4e7,errored,2017-05-15T18:42:00Z,luci,luci-go
mcgreevy,c34ebd4c33298254cf237ed7b8113687ea583a2b,failed,2016-11-21T22:50:14Z,luci,luci-go
mcgreevy,258f0c01c308e369ef4d9c96cfddfb25e7944ee9,errored,2017-08-03T06:07:23Z,luci,luci-go
smut,5ef3dcbbd5bed80cbb899354a62693c99854ea12,errored,2017-01-19T23:48:58Z,luci,luci-go
smut,a1f68bfe41c2efefb62b5acf65b0d1b0acf2e46a,errored,2017-11-30T23:07:15Z,luci,luci-go
Ayub Malik,79d31c7ef36a1bf5370579db1cf66e93ae4140c0,passed,2016-03-31T13:31:03Z,eatcodenet,trainwatch
Ayub Malik,ac22843580cc41fb868673bd9fd9fe6755dc5503,passed,2016-10-30T14:31:12Z,eatcodenet,trainwatch
fardog,d41156aea89d9d0ea99421d54f7fac1692e44e45,passed,2014-09-01T20:46:47Z,fardog,nodemailer-cli
fardog,44a90e86f08657a654edf51031aae135e20c55d8,passed,2016-10-05T04:04:08Z,fardog,nodemailer-cli
Nathan Wittstock,f4973400f360210f33e8b877d4a7e6fd9f4ec553,passed,2014-09-01T21:27:34Z,fardog,nodemailer-cli
Nathan Wittstock,3bf9375cd504fae154b94e16e05241053e888b05,passed,2016-10-05T04:09:04Z,fardog,nodemailer-cli
Marcus Ramberg,a01d7e5f822109d12e7f28720221c9e4d802ecf3,passed,2015-07-08T12:27:22Z,marcusramberg,dotfiles
Marcus Ramberg,ee53efebbcb99cfcd0a98231e7b839526c28cf8d,passed,2017-09-05T08:30:58Z,marcusramberg,dotfiles
brianmock,3861acb4f0b12112af23b1b7c7c6e380f1e7fffa,failed,2015-10-18T21:24:15Z,brianmock,brianmock.github.io
brianmock,986cb5a312da0c8a7590e34b7f9549a17d07399e,errored,2016-12-16T19:04:22Z,brianmock,brianmock.github.io
Markus Krogemann,551666b6aabf4c85a3a092ae1c211c1f908019c1,failed,2016-01-11T20:25:07Z,mkrogemann,bird_watch
Markus Krogemann,29670553e2fbaf7f92517d425c21eb400f0085b7,failed,2016-08-13T07:22:49Z,mkrogemann,bird_watch
dciccale,9bd2486932237fb0d6d2080e053d2cfee81669de,failed,2014-04-15T07:59:21Z,dciccale,node-htmlprocessor
dciccale,a8d1d1c8b04f13e8c487887ec1b184d86ad11199,passed,2015-01-12T18:44:15Z,dciccale,node-htmlprocessor
Denis Ciccale,a2695add93c12a498fc9a8d5a53ee624901a1567,passed,2014-04-16T09:47:40Z,dciccale,node-htmlprocessor
Denis Ciccale,d23a475d54f3cd2bc6058dc81b6742dbc64035f3,passed,2016-08-30T13:33:20Z,dciccale,node-htmlprocessor
greenkeeper[bot],8c85648a9772a77bde8f992c30fb39ac9439241c,passed,2017-01-06T21:00:00Z,molecuel,generator
greenkeeper[bot],8d78c22bebc4a899a478adaab20dfddc1f5b04d2,passed,2018-06-29T06:29:16Z,molecuel,generator
greenkeeperio-bot,6b92ef46c391f867841f0019aa52f4c84cb37303,failed,2015-10-15T14:10:15Z,jstransformers,jstransformer-to-markdown
greenkeeperio-bot,0c824b7bd7d978bcdb365867a3109f9d9da9cdea,failed,2017-05-04T02:50:28Z,jstransformers,jstransformer-to-markdown
Roman Pominov,6253b58db0dd63a7b69014aeda408ccc281ebe20,passed,2016-09-13T10:01:09Z,fantasyland,fantasy-land
Roman Pominov,28b14dc483b50e473f037f162a2cb9fd94ccf89e,passed,2018-03-17T21:26:33Z,fantasyland,fantasy-land
David Chambers,a0ea8bb296022b9e3353e04d820918fb6563449f,passed,2016-09-13T10:03:16Z,fantasyland,fantasy-land
David Chambers,d876f40f6f98dda00b7b5ee6a09f47bf79acd96b,passed,2018-08-03T22:13:27Z,fantasyland,fantasy-land
Keith Alexander,82c2fa7be5097ce8f860e98874bc5574018b81e2,passed,2017-02-10T10:59:54Z,fantasyland,fantasy-land
Keith Alexander,bfe53d1d61a2f5281638935b289d1202aa3041c9,passed,2018-01-06T19:43:41Z,fantasyland,fantasy-land
Gabe Johnson,2adf72fa6e4b3bffc0fa2da17231ea6e3cd40380,passed,2017-03-25T20:53:22Z,fantasyland,fantasy-land
Gabe Johnson,1d0e8b110fccc32706d86f6dd4264dede3789918,passed,2018-02-19T02:51:36Z,fantasyland,fantasy-land
David Komer,4420f0fde57b131c1dd4fd497dbbb6449e23a917,passed,2017-08-10T12:04:28Z,fantasyland,fantasy-land
David Komer,11abcc183393e61d4d776f2a38a0a28d287bd06b,passed,2018-07-04T14:54:01Z,fantasyland,fantasy-land
d4tocchini,8abd5830d12fa81f78d08f582bc7136f94d8850f,passed,2013-05-31T02:09:32Z,gss,preparser
d4tocchini,a605d39ef5d4f367638b3d2f8772a83c9d1e2e94,passed,2014-05-24T21:01:45Z,gss,preparser
Daniele Di Sarli,b8a5424fce472dab8402475eeed624de8c723f26,errored,2016-09-05T22:35:16Z,notepadqq,notepadqq
Daniele Di Sarli,3e3f72fdd977929b557b477f9804d79468cf6b93,passed,2018-04-10T17:33:34Z,notepadqq,notepadqq
Daniel Di Sarli,d88f29c0dd032a7afa038f1c2b41797f9f12fd9b,passed,2016-09-05T22:50:54Z,notepadqq,notepadqq
Daniel Di Sarli,3e1b11f5044c687a2b5e08bc9713de5d5f3901ca,passed,2018-04-10T11:36:53Z,notepadqq,notepadqq
JuBan1,ebab7ec684db00f8fecc5ea5ce2d039e944a200d,failed,2016-09-06T13:06:22Z,notepadqq,notepadqq
JuBan1,6f2f4ae36a109b515ce1232561ca7385d369a34e,passed,2018-04-10T17:27:06Z,notepadqq,notepadqq
Sndor Petrovics,e3c22fc6fdf5277b03e6e3dba40066fec297d20e,passed,2016-09-06T19:08:56Z,notepadqq,notepadqq
Sndor Petrovics,8c0bd245cad226c0182ab3b7a38d8edb7bb47d1a,passed,2018-04-10T17:18:39Z,notepadqq,notepadqq
darealshinji,4fe7a032c9917728c5aa04e821286ffef3667378,passed,2016-09-14T19:18:25Z,notepadqq,notepadqq
darealshinji,ac295ebd56a4a9b2a97c7fa58db1cab4489a0716,passed,2017-10-29T18:05:38Z,notepadqq,notepadqq
s3rius,32414ab6b35d27a6d1c1181ae4de518368c5ea9c,passed,2016-09-16T18:01:32Z,notepadqq,notepadqq
s3rius,9ee3bff39602c0c07f5b8fad26b670b33c90a345,passed,2018-04-10T17:19:22Z,notepadqq,notepadqq
ke Engelbrektson,606919e3b01fe49120ab75cd57964f6992f1a3f0,passed,2016-11-10T21:10:51Z,notepadqq,notepadqq
ke Engelbrektson,c7c15d80053a941aa382bd7a98bdad07aaa2af5b,passed,2017-08-18T22:56:56Z,notepadqq,notepadqq
Teklad,73e3298ed489e35510d3e6bed7b3f4f4517415ea,failed,2017-03-07T10:03:26Z,notepadqq,notepadqq
Teklad,f3f643fc8c78c47b41616d3bee2758359e5a7ac2,passed,2018-04-09T12:49:50Z,notepadqq,notepadqq
Mark Marcelo,e416738b30d36c80dd702060dd3078accc0dc944,passed,2017-04-04T17:41:33Z,reactide,reactide
Mark Marcelo,e69645b1ff6a9ee6add0044920faef7453595971,passed,2018-04-05T12:44:16Z,reactide,reactide
Kirill Kaysarov,f460c39e442f2c34e2963b3fd8c34c02eeaeb964,passed,2015-12-21T13:53:42Z,catbee,catbee
Kirill Kaysarov,d4c68c70cf87d5a415cfa0b39d67046422286828,passed,2016-08-01T08:35:28Z,catbee,catbee
Eugeny Dementev,9416349d5a9e2bc7b8b3d405b2e5791aecd63193,passed,2016-01-11T12:38:26Z,catbee,catbee
Eugeny Dementev,b2175ea613a75373b2b768fcc3e53c4fe306677c,passed,2016-07-28T07:26:16Z,catbee,catbee
Boyuzhou,c7bd10877a834834e475a01fe05b2290441e7585,failed,2016-12-20T05:42:14Z,tinper-bee,bee-tabs
Boyuzhou,cf1bacb8346150d17dfdeff60dbf488d9504bfaf,failed,2018-01-30T14:24:47Z,tinper-bee,bee-tabs
ahua52,e6e2e1988a61d368dbdda9699c5316d9b60f9863,passed,2017-02-23T07:30:37Z,tinper-bee,bee-tabs
ahua52,fa4eddabe9f07cde41fb20b794461587cce6176b,failed,2017-09-04T03:17:37Z,tinper-bee,bee-tabs
BoyuZhou,146be70bdef782b23e266330fa0e83c48ac6dfc1,failed,2017-03-14T15:36:09Z,tinper-bee,bee-tabs
BoyuZhou,78241c6e2a296c2226ed8a5a16b5b28e84f801f5,failed,2017-11-16T09:55:12Z,tinper-bee,bee-tabs
Nick O'Leary,472167cbe76a27fd2f90c5562056fbb22c1889c4,passed,2014-10-03T13:19:20Z,node-red,node-red-web-nodes
Nick O'Leary,2bbd780536e2fef28ae6fee472ee64b5da950294,failed,2015-08-18T20:53:30Z,node-red,node-red-web-nodes
Dave Conway-Jones,8f8d01cb9af3688f15f33bc01cc04b15a1e500b6,passed,2015-04-02T17:41:28Z,node-red,node-red-web-nodes
Dave Conway-Jones,ba66650244fd0ef328e99bf81ee5a7656e0adc8c,failed,2016-09-25T13:19:04Z,node-red,node-red-web-nodes
Sunil Pai,7a7d31fa78cebad1c83e88177b659e4d0919f2a6,failed,2013-01-21T05:07:00Z,threepointone,k
Sunil Pai,0be6bff24b82d92efc7604107297a1574df81795,errored,2014-04-03T22:42:35Z,threepointone,k
Tyler Flint,58da43decb9fb835c62b0d97880561bbd6afb3d5,failed,2015-10-06T16:29:26Z,nanobox-io,nanobox-docker-build
Tyler Flint,b38cd7c896cff14d74d8c57179af850ffa0cb4c8,passed,2017-07-06T23:44:42Z,nanobox-io,nanobox-docker-build
Braxton Huggins,c3769d3cfd3f71e4d000eeb7cead42441c279941,failed,2015-10-15T15:34:31Z,nanobox-io,nanobox-docker-build
Braxton Huggins,92377bb828682b2d4f5a711f47aa947eadf0cb76,failed,2017-08-04T17:40:01Z,nanobox-io,nanobox-docker-build
notxarb,825d3d36878fed1e14c05de343286fd4294d1b6e,passed,2015-10-22T21:00:49Z,nanobox-io,nanobox-docker-build
notxarb,0808a2675b48173d1588f3666cff50be2d31dbe3,passed,2017-07-10T14:54:58Z,nanobox-io,nanobox-docker-build
Greg Linton,6620ddc569e32ecb0fb8e7446573de5703810b4f,passed,2015-11-04T17:14:40Z,nanobox-io,nanobox-docker-build
Greg Linton,cfc1250ce24ae2ad81cd283fb67acf0d410161b6,passed,2017-07-20T15:58:25Z,nanobox-io,nanobox-docker-build
Greg,49bae59c100fe0a7dab014ff07b538ba255a1094,errored,2015-11-04T17:22:03Z,nanobox-io,nanobox-docker-build
Greg,77286c30f60a6c4efad97bfb56a61585193ad680,passed,2017-07-25T17:11:20Z,nanobox-io,nanobox-docker-build
Yaniv Kessler,2dd134a187a4dcf12952190030446833b6dca95e,failed,2014-03-04T20:29:45Z,kessler,level-http-recorder
Yaniv Kessler,536c3578ac5f4138deb44b4f9440f6bfd52ac339,passed,2016-01-19T03:49:10Z,kessler,level-http-recorder
yaniv kessler,dd6324a2b112bdfc761daf610b7997754b18e084,failed,2015-04-08T01:04:31Z,kessler,level-http-recorder
yaniv kessler,84ea50cd5717e621f2423a627e80aa941783a5d3,failed,2016-05-22T04:21:48Z,kessler,level-http-recorder
GeeekyBoy,7e3729c0d1d7cb00345572d574e7796f61319b61,failed,2018-01-28T11:20:01Z,project-jste,framework
GeeekyBoy,94ad6865119791a41280cbaf8e2eb64908e10f9b,passed,2018-11-15T12:33:39Z,project-jste,framework
Ahmed Hassan,314f15d3d4793237039bd8794ffe08afd03f8054,passed,2018-01-28T14:13:13Z,project-jste,framework
Ahmed Hassan,3903ea194d7af4e476049c13916c51f10d9394f0,errored,2018-08-15T09:01:04Z,project-jste,framework
Phil Booth,fe6e90769a76c49fffeb7322d4d89d4fe38d9b94,passed,2012-10-20T12:47:29Z,philbooth,complexity-report
Phil Booth,c1c02d28d1548386576131b0e69896dd4ce5b064,errored,2014-10-10T09:36:42Z,philbooth,complexity-report
Matteo Figus,5a463e571aed905b13e30fca53cb561022216eda,passed,2013-08-26T00:20:33Z,matteofigus,api-benchmark
Matteo Figus,92909b63db9b1c5087480d3a6e9f747c62255f31,passed,2018-01-02T11:30:23Z,matteofigus,api-benchmark
greenkeeperio-bot,1118cdaf6354462ef913fb8099cdf9c8b13e65f7,failed,2016-05-11T21:48:35Z,matteofigus,api-benchmark
greenkeeperio-bot,d248839890389fc1576d5bcc1978ebe7ee557720,passed,2017-05-24T16:08:40Z,matteofigus,api-benchmark
greenkeeper[bot],350143cf08ba6b5c3aaa85ee1a9527abe04b5acb,passed,2017-05-15T03:10:37Z,matteofigus,api-benchmark
greenkeeper[bot],b71c012125b17e50e3ec88828545bdc8bc701deb,passed,2017-12-29T05:27:22Z,matteofigus,api-benchmark
Krasimir Tsonev,01607859f93b45ac873671061109068a7ec217a4,passed,2017-11-28T04:04:06Z,krasimir,webpack-library-starter
Krasimir Tsonev,d26234381f34dfc603b2e09c8f6a14bbd2d37d13,errored,2018-11-25T21:41:16Z,krasimir,webpack-library-starter
Steve Lacy,8d0e80a8c6a657729c3d7e858deaa3009cfe9507,passed,2014-08-21T00:37:03Z,fissionjs,fission
Steve Lacy,30b0711d747c3eb23a92b38e32d8fc0be48ec009,passed,2015-04-09T23:08:29Z,fissionjs,fission
Contra,eb35597c08972bfd9221012507a1c51f809cf4ae,passed,2014-10-31T00:11:00Z,fissionjs,fission
Contra,dcc13697b61595bff1672047e59e6e6a707d5ce4,failed,2015-08-31T23:23:07Z,fissionjs,fission
David Dias,698194b070cd0f86640e82b8802e4d9861809f0e,failed,2016-03-22T14:35:41Z,libp2p,js-libp2p-kad-record-store
David Dias,a6ac30940e4f97fab7fb93d64d8119c1b3bff37b,failed,2017-02-14T02:02:59Z,libp2p,js-libp2p-kad-record-store
greenkeeperio-bot,7abd329a0080fd86850b5c30305e2438dc222ad5,failed,2016-08-04T17:10:41Z,libp2p,js-libp2p-kad-record-store
greenkeeperio-bot,6ccfb8f037cd4c5cc365fa3e09ead0d323553d73,failed,2017-04-05T01:20:19Z,libp2p,js-libp2p-kad-record-store
Jonathan Wilsson,c8941975bcdadff477069828984b5e9a5efc51d7,passed,2017-01-05T12:00:44Z,lesshint,reporter-stylish
Jonathan Wilsson,9b8bc922d11ac15eed3fc7c7e4a3c32181ecff7d,passed,2018-05-05T13:08:54Z,lesshint,reporter-stylish
greenkeeper[bot],f190456c100697ae38883ea5c7cd3d43d2f05484,passed,2017-01-26T19:05:57Z,lesshint,reporter-stylish
greenkeeper[bot],8af7917d49efcb642fabbecd08494a34146fcae7,passed,2018-06-23T10:55:14Z,lesshint,reporter-stylish
David Cramer,3d6637c22495d19f0839dc9dc4808d8d7be15982,errored,2014-02-11T18:09:02Z,dropbox,changes
David Cramer,0bb7537e862bde0dad3dc77ab0d43f455086f379,passed,2014-12-10T18:18:08Z,dropbox,changes
Nipunn Koorapati,ac5ed7b31f544f229ffd37b9b765a4de691bacca,failed,2014-03-14T02:40:28Z,dropbox,changes
Nipunn Koorapati,4d5f0eee8a52dadadbf96caaea99c6d87346a799,passed,2016-01-04T23:52:45Z,dropbox,changes
Charles Finkel,d930d7e9e80837097d7e4ab985eab39c2064f353,failed,2014-04-01T04:43:42Z,dropbox,changes
Charles Finkel,8f945f7dacc3d32584741225cb280b01727663db,passed,2015-09-02T21:38:05Z,dropbox,changes
Vishal Arora,ae7d5b190f8879d11a7bc20415f64ca5b49f73cd,passed,2014-08-05T22:38:47Z,dropbox,changes
Vishal Arora,96054b5bed7c410101db4718a6b8122458009cf6,passed,2015-08-21T16:47:13Z,dropbox,changes
Akhil Ravidas,2f161a83f92b8954a56c0743f07bcda76374421a,passed,2014-10-07T17:33:42Z,dropbox,changes
Akhil Ravidas,1e697cb7ea95496a7d0a788a98879f56a9e7ab67,passed,2015-05-19T22:47:47Z,dropbox,changes
Kyle Consalus,01ad5526326e01183fd4421c2c7c2b8928ffba59,errored,2015-01-22T21:28:21Z,dropbox,changes
Kyle Consalus,56d4d696969152dd5c4a42470f6af440bfba559d,failed,2016-10-04T18:29:21Z,dropbox,changes
Willy Wu,010993bc51f919401a64b46b3dff42723157bc1a,passed,2015-02-25T01:36:40Z,dropbox,changes
Willy Wu,782020a894cddd0aab45733b09dd611bbb683855,passed,2015-09-30T23:00:18Z,dropbox,changes
Josiah Boning,5944fc9ce76468b9709d8517faa5e6a830883d65,errored,2015-03-24T05:30:01Z,dropbox,changes
Josiah Boning,5c25d4afd9806566194f9aa9eff365485ffeaaa9,failed,2016-09-22T18:05:53Z,dropbox,changes
Mihir Kedia,c259609c2821fe1b8d60380ab3253bbe009ed555,errored,2015-04-23T23:59:03Z,dropbox,changes
Mihir Kedia,fdcf9194ba0297b0bba7846c818ea5791c166c74,failed,2016-07-20T23:04:50Z,dropbox,changes
Anup Chenthamarakshan,d26812422702bac77865fac04ec63661e8a449a7,errored,2015-04-28T21:30:22Z,dropbox,changes
Anup Chenthamarakshan,159a04167c1cba9c51b2fccd891813d685beacd5,failed,2016-10-03T22:04:22Z,dropbox,changes
Li Haoyi,d0f25606f43deb92b23f7c506bba8a6fe89f5220,passed,2015-04-28T22:08:31Z,dropbox,changes
Li Haoyi,ca3e3001a6fddfbbb721a129840035164f850b67,passed,2015-12-15T22:56:53Z,dropbox,changes
Paul Ruan,1bf98df7c7402ef7af8d3c836ffb88614c53a186,passed,2015-05-28T00:29:49Z,dropbox,changes
Paul Ruan,e98ecead36863a5b70a8c45ef73bdce32a8966eb,failed,2016-10-10T18:06:16Z,dropbox,changes
Naphat Sanguansin,ce67bc5108066e331fcb689cdb0f8006b72d5c33,failed,2015-06-05T03:52:58Z,dropbox,changes
Naphat Sanguansin,8aaff9825e01c1160320ef45be153a7da31bb8dc,failed,2016-10-10T23:13:27Z,dropbox,changes
Angie Roscioli,004066ea6d29dfa16be9fa16d50673be32cdcb6b,passed,2015-08-14T05:13:04Z,dropbox,changes
Angie Roscioli,e3329633749d79e692ea334ca59aeadb21f168eb,failed,2016-06-06T18:59:50Z,dropbox,changes
Nathaniel Herman,ef20556ba621c1ad5079ceb19ac5557a36fc7ab6,passed,2015-08-27T21:49:31Z,dropbox,changes
Nathaniel Herman,54c229e0e896d809680bee3ecb9bc9c675d39020,failed,2016-07-19T18:34:57Z,dropbox,changes
Alex Vandiver,c22a57ca6acd3c2d1e91b05a1974089aa32e3ed8,passed,2015-10-06T17:30:19Z,dropbox,changes
Alex Vandiver,bfa5b270ba19d249ddf71b940001a98b2cbcacac,failed,2016-09-21T01:10:21Z,dropbox,changes
Dan Hedgecock,f9abcb57343a8289c3e5aa2fca3f60d4a23ca15c,failed,2017-11-02T05:31:26Z,crystal-ball,componentry
Dan Hedgecock,bf2da6d31d5606306a1f28b4140f98c31fd7e327,passed,2018-05-03T01:10:48Z,crystal-ball,componentry
Shinnosuke Watanabe,1b37a0a476ef74f736a2d1dca70c334ac1aa9285,passed,2015-08-30T08:23:53Z,shinnn,all-eslint-rules
Shinnosuke Watanabe,ab3c3c654d5c2375da48419c0f253a1eeb886df4,passed,2018-06-22T10:43:58Z,shinnn,all-eslint-rules
Sebastien MALOT,296ef9664b97777443714f0d91c0fcd83f679b5c,failed,2013-03-02T08:56:05Z,smalot,bootstrap-datetimepicker
Sebastien MALOT,aacd80bfe188107851954d486d52406707d222b9,passed,2013-11-10T17:28:08Z,smalot,bootstrap-datetimepicker
Oleg,6d1d01be612bb53a0ff512a1050fb44ccc11de9b,passed,2013-03-22T21:03:27Z,smalot,bootstrap-datetimepicker
Oleg,817e4f89fbe90f5238367f89dece5ad6ce223987,passed,2013-10-24T14:36:19Z,smalot,bootstrap-datetimepicker
Fred Cox,26d6ff5ad7d8c18c79a6f68c0bc451eeb6fdea04,errored,2015-09-29T19:54:40Z,mcfedr,fswalk
Fred Cox,e99fe24784ca1ee763f5975e32780acd4ff06e94,failed,2016-04-26T12:40:44Z,mcfedr,fswalk
gernest,b6f6ca3594f30d4d16afea390a5c947c654dadd9,errored,2015-08-05T19:56:32Z,gernest,zedlist
gernest,9e7da929f797737eddb7863e450cc6c96af3b32c,passed,2017-09-05T17:16:23Z,gernest,zedlist
Christian Mayer,bedcf6399fbb54ad93b269ccc1ffb97b6ac24c64,failed,2013-11-24T11:46:04Z,geoext,geoext2
Christian Mayer,6c1d70da90a8853c4c2c2c6c858ddb8ba5208a6f,passed,2015-11-25T12:48:22Z,geoext,geoext2
Marc Jansen,a94a49c4d552b1595e555eeedd364cbb8eb05325,passed,2013-11-25T10:35:11Z,geoext,geoext2
Marc Jansen,b008acd7f16e3705dabf956d3d8c5767db9201f2,passed,2015-11-04T11:08:06Z,geoext,geoext2
Bjrn Harrtell,82b8b7f5da1f5a5a0baba2d3472669f154590fd8,passed,2013-12-09T15:21:11Z,geoext,geoext2
Bjrn Harrtell,5f67d747183836373989fbb6780e73a73a8e6566,failed,2014-11-11T19:55:37Z,geoext,geoext2
Johannes Weskamm,1fac9b819266e68b92ea78e30161f62d55bac0aa,passed,2013-12-20T08:28:08Z,geoext,geoext2
Johannes Weskamm,011a0da3d86d44e6cb0cfd8c3e92e8f53edd814b,passed,2015-07-01T06:56:26Z,geoext,geoext2
Bart van den Eijnden,a8591de54a5219fa6412ea0ecc496d26a438683b,passed,2014-03-18T10:21:37Z,geoext,geoext2
Bart van den Eijnden,5a96323f6a32cccb71dc1f00e502a5aa8ce81927,passed,2015-02-24T13:11:04Z,geoext,geoext2
Benjamin Thurm,9b6bdcb2a89149021d5914ab0b9a9ae811030534,passed,2014-09-02T08:45:37Z,geoext,geoext2
Benjamin Thurm,983365450602727dcd86188e8b21a10cd85eb8d6,passed,2015-09-02T18:16:55Z,geoext,geoext2
Chris Peterson,edf00a7bd0034227cdf5c93788ad66d19caad579,failed,2014-07-11T19:12:32Z,mozilla,shumway
Chris Peterson,9aed030b5922f56f5e954d24450e09209e630fc9,passed,2015-05-06T17:18:01Z,mozilla,shumway
Yury Delendik,2338ea79b38becf0d8c5a2b0b2adc55a28405bba,failed,2014-07-23T01:03:51Z,mozilla,shumway
Yury Delendik,a72358ccd8241e83882df3d93436844df303d54e,passed,2015-12-21T04:10:49Z,mozilla,shumway
Michael Bebenita,ceee6ce8da273b58e8f1d09f2ef109cb26cb6751,errored,2014-07-23T01:45:34Z,mozilla,shumway
Michael Bebenita,da0f0c01fa79bb009d90556e614329ba394fe49d,passed,2015-09-24T19:33:31Z,mozilla,shumway
Tobias Schneider,d3c97c55d49410659f084e9382b273555fc5917d,passed,2014-07-28T19:57:52Z,mozilla,shumway
Tobias Schneider,04ff8f6cc793a6de4efcdc287766262bb496f028,passed,2015-10-15T00:29:25Z,mozilla,shumway
Till Schneidereit,9b7b592c2f344aee164a9a2ae7fb0f1a4a3a6f16,passed,2014-08-15T15:20:30Z,mozilla,shumway
Till Schneidereit,16451d8836fa85f4b16eeda8b4bda2fa9e2b22b0,passed,2016-03-29T14:51:46Z,mozilla,shumway
Nicholas Nethercote,ce12d77c67d5d5d3dca95d98e5765cb834ee9863,passed,2014-08-21T00:54:27Z,mozilla,shumway
Nicholas Nethercote,012af1104cdfa0874372c7db2e1afb37d57f1438,passed,2015-03-16T06:30:45Z,mozilla,shumway
Rob Murray,bcc64cb8049de02a8e2a3e17e690fc696789e749,failed,2014-04-27T08:38:14Z,rob-murray,haz-commitz
Rob Murray,defdf7b34bb9930a638f158112368bf7cd04b79e,passed,2015-11-08T12:01:20Z,rob-murray,haz-commitz
Robert Murray,a4be10cc09f6a174e73bfde004b130637c278afb,passed,2014-05-26T18:37:07Z,rob-murray,haz-commitz
Robert Murray,95abd74a8bf119e53f673b568f3d9bd471379d20,passed,2015-07-31T20:09:52Z,rob-murray,haz-commitz
Michael LaCroix,57c43c2a64320cfb478f190335f476120425eabf,failed,2013-09-15T09:51:30Z,lacroixdesign,node-neat
Michael LaCroix,df978ca81fc47b4309b927c520e5337b1ac1cde2,passed,2015-02-27T00:27:13Z,lacroixdesign,node-neat
Nick Riley,3e36827cefb7d5494d60caa43bc7bc635c54a7e5,errored,2016-03-11T22:19:55Z,vertebrae-org,node-cassandra
Nick Riley,b456376e507d2de94796c4412bbf42d3d8c1bf3f,passed,2016-12-15T19:37:24Z,vertebrae-org,node-cassandra
p1100i,a8c28a334fa35fae0e482e892230692c11808ce1,failed,2017-06-18T08:12:32Z,p1100i,p1100i.github.io
p1100i,04883ad99bb8a2e2beae99041f1764fa06e5228e,passed,2018-02-03T08:41:51Z,p1100i,p1100i.github.io
Tomas Kral,49915c4be3bb5f1304b0a3c6473f6de7614d28b8,passed,2017-06-30T11:15:28Z,kedgeproject,kedge
Tomas Kral,4faed31e81d28534af4b09c20c605f38a680f738,passed,2018-01-29T14:48:01Z,kedgeproject,kedge
Shubham,d7679aeb0c0d3fce6ade630c7393f8c85f8b6af2,failed,2017-07-09T10:21:43Z,kedgeproject,kedge
Shubham,b3e6cc79139a29ba95918e9cbd03b15f6421ada9,passed,2018-03-05T06:41:26Z,kedgeproject,kedge
Charlie Drage,de928a79f0e6d3d0e064d17bd080ffb775b6b041,passed,2017-07-10T14:04:25Z,kedgeproject,kedge
Charlie Drage,2c914d9894d1c7a4a4813869fa53e0a399cf3d73,passed,2018-04-17T17:32:13Z,kedgeproject,kedge
Suraj Deshmukh,f59198f3aa9c3e8b1ba270c4bac8f6e9f17ba1ab,passed,2017-07-12T08:12:04Z,kedgeproject,kedge
Suraj Deshmukh,86b15620b20c94c16691570d1aa603cf8cb84bd2,passed,2018-04-05T06:33:53Z,kedgeproject,kedge
Suraj Narwade,d76884475b4daf50530b48c006de1558a63d00a8,passed,2017-07-19T09:05:26Z,kedgeproject,kedge
Suraj Narwade,ebc8ac9ce9f9b684ed2ec3f878ed437632f23f2e,passed,2018-03-12T10:47:00Z,kedgeproject,kedge
Eugene Datsky,673e1b9a68a3b780b4f9da2af6682223522c948f,passed,2015-03-17T08:59:39Z,princed,postcss-banner
Eugene Datsky,e5ebb8bac30f737c6940260672a33a9e2ac4a6ba,passed,2015-10-02T16:02:35Z,princed,postcss-banner
Sindre Sorhus,1b2c2d3ac35782042e6e672c8943d9bb225dddc6,passed,2014-02-23T00:47:14Z,sindresorhus,broccoli-strip-debug
Sindre Sorhus,cce5715b00945364ac2d7f74cd1cad6c5b0e68a2,passed,2018-02-28T09:58:38Z,sindresorhus,broccoli-strip-debug
Travis Ralston,8558ba66625501a98e4b7f3333ebfcfcd81f7eba,passed,2017-06-22T15:15:30Z,turt2live,matrix-voyager-bot
Travis Ralston,4a519e915162583ae5bd8cc4622ff88cf92af000,failed,2018-02-05T16:29:31Z,turt2live,matrix-voyager-bot
cjamieso,5a8e211dc78b5443a392a4d3730b0f36829aa68d,canceled,2017-01-03T21:03:35Z,cjamieso,moodle313
cjamieso,77a2675744036bbeaf2f0cb0ec6b3fca78d03a3d,passed,2017-08-04T16:15:20Z,cjamieso,moodle313
Tom M,55a53ece39d3639cedfeff2865e1bbfebcd9cfc2,passed,2015-12-02T16:27:58Z,mlex,karma-spec-reporter
Tom M,5f44cf3a55551fd3d401dbc24fc2e5eb17bdaf9a,passed,2017-02-24T15:19:52Z,mlex,karma-spec-reporter
ramusus,9cb427e82c3d54c697e1ef83756781b594a95d81,failed,2013-02-20T17:19:09Z,ramusus,django-vkontakte-ads
ramusus,7767c2b795ab9eed8be0ecce14a4c7d233a81631,errored,2016-01-27T22:03:07Z,ramusus,django-vkontakte-ads
Derek Cicerone,e66ec783c84363dfc1573d24dd5837444131ad54,passed,2014-10-03T19:45:42Z,palantir,eclipse-typescript
Derek Cicerone,0fc25cbbfbbc7cd482a944ee76fdd4e425c2477f,passed,2016-02-23T16:45:20Z,palantir,eclipse-typescript
Rootul Patel,b763a0e1bfa476dc40c3c88d8fa3fb293bf38b9a,failed,2016-03-02T00:36:01Z,rootulp,exercism
Rootul Patel,fe3179e65d34048af3b50c94b2a8746fd18f7aa0,passed,2017-09-10T21:39:49Z,rootulp,exercism
Eryn Lynn,07137bc6c9902f3b95595941a6e01b7434273c11,passed,2018-02-22T02:47:28Z,evaera,RoVer
Eryn Lynn,232abd476840a60952d598fff76f607d5bded2d0,passed,2018-10-15T22:36:03Z,evaera,RoVer
PhoenixShay,ed5d7ea9a27b36dc6bf51350759f56cc806d56de,failed,2018-02-22T04:06:12Z,evaera,RoVer
PhoenixShay,b7f7b4b8e1dd7b3c7087fa9dbec39328ac298b84,passed,2018-10-15T22:49:01Z,evaera,RoVer
ia,01e45bd7d942814ba3652bdb8730aa06399945fd,passed,2017-05-29T20:24:35Z,whilei,go-ethereum
ia,fd7fba45f2f707fd11bd9da0e987819e3a2281d2,failed,2018-05-15T16:38:58Z,whilei,go-ethereum
Sindre Sorhus,848d5a3cc7819c3c38e4957c2aa466dd12bc816f,errored,2015-07-18T14:59:45Z,sindresorhus,app-path-cli
Sindre Sorhus,3e64964eb943254ee8593936a8820b4fb0872214,passed,2016-06-14T17:06:51Z,sindresorhus,app-path-cli
Jordan Harband,cf3f44b793aaa5c340e1da4b49d37fb5f2dd413d,passed,2015-03-19T09:14:37Z,ljharb,es-to-primitive
Jordan Harband,4a15be41802efab7f63836a567b4012d5b48a4d0,passed,2015-12-27T18:17:50Z,ljharb,es-to-primitive
Mirco,63c40056c728c9dc68108041c9af4cb7aeb8117f,failed,2012-12-01T12:11:07Z,zemirco,json2csv
Mirco,487854f759872d46f4b78949ce3ee0c7121e233d,passed,2013-06-11T19:42:49Z,zemirco,json2csv
Luke Melia,2302fbf75a1d3861fcb41dd421ba91119aaa78d7,passed,2014-10-05T05:56:38Z,yapplabs,ember-colpick
Luke Melia,dbf18252c68f66f668b818fc2ad43f6f08c72387,errored,2016-02-05T13:44:43Z,yapplabs,ember-colpick
Jasper,91c375b29f0eb4b03e923b2ea3711277235bda93,failed,2013-12-15T18:27:54Z,minutelabsio,minutelabsio.github.io
Jasper,06908734fdde18df885eca172477c3f6de61b6b3,passed,2018-11-22T22:51:15Z,minutelabsio,minutelabsio.github.io
Jasper Palfree,3e6a4d5e1f46f6215ab3a42966d9cc445c19184d,passed,2014-01-13T20:42:21Z,minutelabsio,minutelabsio.github.io
Jasper Palfree,615e4d9d8e4cc6111497402f5d84023fcb467a91,passed,2014-07-24T16:38:10Z,minutelabsio,minutelabsio.github.io
Kazuho Oku,e7362bff31182a42c6efd50410bcbd2367eb144d,passed,2014-12-09T07:25:34Z,cubicdaiya,h2o
Kazuho Oku,3d54309f5c93eb28748f7c3cdd74e88839287450,passed,2015-06-23T12:45:38Z,cubicdaiya,h2o
Otto Chrons,e3e9f15846fc2ab8960f00dadb1f1d49f80f4b65,passed,2016-09-24T21:21:57Z,scalafiddle,scalafiddle-core
Otto Chrons,92cdc7d5a607163c5736b37315e9e8da62db8e20,passed,2018-01-31T16:05:01Z,scalafiddle,scalafiddle-core
James Halliday,2d1092e41acc5c5ef54743b0611da1db8ec11f60,passed,2012-03-08T21:14:33Z,substack,node-archy
James Halliday,30223c16191e877bf027b15b12daf077b9b55b84,passed,2014-09-14T07:57:28Z,substack,node-archy
Josef K,d6711311fcbf9a57eadaa698c588083f594ed0e3,errored,2014-03-24T17:40:07Z,svobodni,web
Josef K,0db6aa09d212c9a5b409475d4fba91397e5b91ca,failed,2015-06-02T11:41:14Z,svobodni,web
Dennis Haulund Nielsen,03c49bb5fe853cbd781191b40c6388a05c991be6,passed,2015-12-29T18:10:57Z,nodes-frontend,generator-nodes
Dennis Haulund Nielsen,b3335a8404cd564d5efcb7e09da5c7af27f1273b,failed,2016-11-05T16:14:54Z,nodes-frontend,generator-nodes
Ruy Adorno,61370c0311cc1005fa72d2546562e79711401e1a,failed,2016-02-17T16:33:32Z,ruyadorno,ipt
Ruy Adorno,7608a2bfb682ea9f50f9d710cb9db4670015e1b1,passed,2018-09-10T17:31:13Z,ruyadorno,ipt
Dan Sosedoff,fdd3df058b0a66e7e13c233ec74656316991da88,failed,2014-10-26T17:00:37Z,sosedoff,pgweb
Dan Sosedoff,29d4b276e2cb38ee6cfba0a31779930f52e32070,passed,2018-09-14T23:19:24Z,sosedoff,pgweb
Edward Muller,3f896cd68c6dd0df1726ab0c790e2e002fdecea4,passed,2015-07-14T19:50:32Z,sosedoff,pgweb
Edward Muller,15fe9cdae43d620dc86cc711dec4f8a864134754,passed,2016-05-26T23:37:46Z,sosedoff,pgweb
Tyler Long,d5ac9403688086dddec19c9a6043007f4a79f92b,passed,2016-02-25T03:04:53Z,sosedoff,pgweb
Tyler Long,fc0fd6cfc02a308d9f2a4d5126d2c1a71cd99659,failed,2017-11-11T14:12:27Z,sosedoff,pgweb
Steven Kabbes,598174ee1d3f9f6bb698352ac291acefd80b613c,passed,2016-07-28T05:55:54Z,sosedoff,pgweb
Steven Kabbes,be170b690cc7f98b23bf8f3f95ab9a97d79c2b91,passed,2017-08-04T21:16:59Z,sosedoff,pgweb
Vardan Pogosian,a287ef329b9a2f85116485caa7dd5f5340e76542,failed,2017-11-09T14:04:22Z,sosedoff,pgweb
Vardan Pogosian,a12bbfdcac8331b67ee7b7dd5eace479115990e5,passed,2018-07-09T06:37:30Z,sosedoff,pgweb
Matthew Henry,225646aace93dd583bb70300523ea40af9e6ab02,passed,2016-03-11T11:11:20Z,mhenr18,immy
Matthew Henry,5e9fe850ea79c2e13ba7213b94cf3f639b3cc027,passed,2016-10-03T07:10:38Z,mhenr18,immy
Jacarri Chan,9f6a6dc63ff267dcea2224555459064177f269af,failed,2015-05-05T07:38:33Z,jacarrichan,bis
Jacarri Chan,e440e3958aff7ae17a0b257256cca7318e890137,errored,2017-01-02T07:15:12Z,jacarrichan,bis
Thomas Watson Steen,33616b48d178d99f4311532737b73efd0b85104b,errored,2015-09-02T14:08:49Z,watson,error-callsites
Thomas Watson Steen,9dcb172b2bf7c075b4fe1a30014205229a82b157,passed,2016-10-27T14:27:06Z,watson,error-callsites
Mike Allen,114333d8a82109ef8618d328d4f35bed5f53389d,passed,2015-05-20T04:19:04Z,Facsimile,facsimile
Mike Allen,da064631ceb7b919155830b9a0a918a9aff0af95,passed,2016-01-06T15:13:28Z,Facsimile,facsimile
Nick Freear,ecf3ff295d40858b512dd8bf5a280313a21df579,passed,2016-07-07T19:36:23Z,IET-OU,cloudengine
Nick Freear,9aaef417beafab122269548ab034861e3c1c6ad8,passed,2018-01-12T11:17:28Z,IET-OU,cloudengine
indexzero,bc7e450a69c95eb6d24b2273a449b80851ce3059,failed,2016-03-11T23:56:44Z,godaddy,javascript
indexzero,5689b2dfb4f34216a660a38aa29c3cb5d631f709,passed,2017-07-24T19:07:51Z,godaddy,javascript
Charlie Robbins,e7cb83a7d1938e7e241335065fb792578f740bad,passed,2016-03-12T00:55:07Z,godaddy,javascript
Charlie Robbins,3cf6178de1534b8dcbf26d008b15f73b97bb0863,passed,2017-02-08T03:39:39Z,godaddy,javascript
Sam Shull,351698d2767b498d78034f44ba3fa64feafa9e7f,passed,2016-03-28T18:06:21Z,godaddy,javascript
Sam Shull,87b8ada7d679d3405d95d5559aa4b9c7e335549c,passed,2018-02-06T01:39:03Z,godaddy,javascript
Martijn Swaagman,0ab0792209eae6b2c34c9fc46715d88fc02023be,passed,2016-04-01T12:13:59Z,godaddy,javascript
Martijn Swaagman,9b75db2a8d735e693243f9c911fcf478dd5c478e,passed,2017-05-02T11:40:43Z,godaddy,javascript
Swaagie,b2e5da11596f2511f1dfeea853a0e72a70262bbb,passed,2016-04-01T12:17:20Z,godaddy,javascript
Swaagie,db724188f54739125708df8adee9c13ed4e4d090,passed,2017-04-21T09:43:15Z,godaddy,javascript
Arnout Kazemier,f5585139cad41bc9e00b876e0d4e2f4836956b6e,failed,2016-05-26T08:28:54Z,godaddy,javascript
Arnout Kazemier,c477bf5af95c1164a29f224ed5af9aafa4773900,passed,2018-02-05T19:34:25Z,godaddy,javascript
Fabio M. Costa,e82c41af5853d49a48df71a7abe655e89448a85b,passed,2017-07-20T01:37:45Z,godaddy,javascript
Fabio M. Costa,08e35b3b15ddb70776fac36aaf1428bfa0c079e9,passed,2018-01-31T01:33:30Z,godaddy,javascript
